{
    "1554317755": {
        "clicks": 979,
        "coins": 5,
        "click_multiplier": 1,
        "upgrade_level": 0,
        "autoclicker": 0,
        "last_click_time": 1754592510.6048617,
        "daily_clicks": 9,
        "daily_coins": 0,
        "last_daily_reward": 1754592413.6907597,
        "referrals": 0,
        "daily_tasks": {
            "clicks": 9,
            "clan_clicks": 0,
            "referral": 0
        },
        "clan_id": null,
        "clan_clicks_contributed": 0,
        "last_message_text": "\ud83d\udcca <b>\u0421\u0442\u0430\u0442\u0438\u0441\u0442\u0438\u043a\u0430 \u0438\u0433\u0440\u043e\u043a\u0430 @spiraledits</b> \ud83d\udcc8\n\n\ud83d\udc8e \u041a\u043b\u0438\u043a\u0438: 974\n\ud83e\ude99 \u041c\u043e\u043d\u0435\u0442\u044b: 5\n\ud83d\udd25 \u0423\u0440\u043e\u0432\u0435\u043d\u044c \u043a\u043b\u0438\u043a\u043e\u0432: 1\n\ud83c\udfc5 \u0420\u0435\u0444\u0435\u0440\u0430\u043b\u044b: 0\n\ud83d\udc65 \u041a\u043b\u0430\u043d: \u041d\u0435 \u0432 \u043a\u043b\u0430\u043d\u0435\n\ud83c\udfaf \u0412\u043a\u043b\u0430\u0434 \u0432 \u043a\u043b\u0430\u043d: 0 \u043a\u043b\u0438\u043a\u043e\u0432",
        "last_reply_markup": 